Instância,Gap (%),Tempo (s),Volume (%)
solucao_1,0.0,225.518999,1.0
solucao_4,0.0,42.46885,0.936
solucao_9,0.997441,3600.025159,0.934125
solucao_3,0.0,2.264238,0.993
solucao_6,0.0,180.02504,1.0
solucao_5,0.0,6.001072,0.776
solucao_8,0.0,235.961811,1.0
solucao_7,1.480285,3600.072999,0.9805
solucao_10,0.0,63.045455,0.97
solucao_2,0.0,153.64846,0.99
