Instância,Gap (%),Tempo (s),Volume (%)
solucao_1,31176.652884,3600.994916,0.92263
solucao_4,0.006895,844.079198,0.841852
solucao_9,1.916809,4230.059933,0.954519
solucao_3,0.0,858.299222,0.973778
solucao_6,2.096768,4146.651216,0.927
solucao_5,11.390838,3600.133906,0.880593
solucao_8,17253.423757,4011.542711,0.901111
solucao_7,2.642132,3676.435571,0.883593
solucao_10,0.0,49.035346,0.901037
solucao_2,1.646525,3600.058371,0.890407
