Instância,Gap (%),Tempo (s),Volume (%)
solucao_1,0.0,435.102934,0.996
solucao_4,0.0,1.678009,1.0
solucao_9,0.0,1.005673,1.0
solucao_3,0.0,3.377123,0.996
solucao_6,0.0,4.155085,0.996
solucao_5,0.0,0.119171,0.952
solucao_8,0.0,0.115971,0.96
solucao_7,0.0,0.618565,1.0
solucao_10,0.0,0.583122,1.0
solucao_2,0.625,3600.015572,0.96
